candidate_id,type_class,tool,budget,detected,runtime_seconds,witness,error
331f175e4aa92eef,CORE_DIRECT,hypothesis,100,True,0.026765,"{""discount"": 0}",
331f175e4aa92eef,CORE_DIRECT,hypothesis,1000,True,0.010861,"{""discount"": 0}",
331f175e4aa92eef,CORE_DIRECT,hypothesis,10000,True,0.011333,"{""discount"": 0}",
331f175e4aa92eef,CORE_DIRECT,crosshair,0.5,True,1.228429,,
331f175e4aa92eef,CORE_DIRECT,crosshair,2.0,True,1.080737,,
9603b9192132171c,CORE_DIRECT,hypothesis,100,True,0.011831,"{""is_tax_known"": false}",
9603b9192132171c,CORE_DIRECT,hypothesis,1000,True,0.010806,"{""is_tax_known"": false}",
9603b9192132171c,CORE_DIRECT,hypothesis,10000,True,0.011032,"{""is_tax_known"": false}",
9603b9192132171c,CORE_DIRECT,crosshair,0.5,False,0.848296,,
9603b9192132171c,CORE_DIRECT,crosshair,2.0,False,0.814457,,
aab5348ee173d6e3,CORE_DIRECT,hypothesis,100,True,0.011135,{},
aab5348ee173d6e3,CORE_DIRECT,hypothesis,1000,True,0.011276,{},
aab5348ee173d6e3,CORE_DIRECT,hypothesis,10000,True,0.008736,{},
aab5348ee173d6e3,CORE_DIRECT,crosshair,0.5,False,0.789282,,
aab5348ee173d6e3,CORE_DIRECT,crosshair,2.0,False,1.099612,,
e293930485085dac,CORE_DIRECT,hypothesis,100,True,0.113569,"{""aah"": 0, ""age_reference"": 0, ""age_spouse"": 0, ""asi"": 0, ""aspa"": 0, ""exemption_age"": 0, ""isf_ifi"": 0, ""reference_is_widowed"": false, ""rfr_condition"": false}",
e293930485085dac,CORE_DIRECT,hypothesis,1000,True,0.108901,"{""aah"": 0, ""age_reference"": 0, ""age_spouse"": 0, ""asi"": 0, ""aspa"": 0, ""exemption_age"": 0, ""isf_ifi"": 0, ""reference_is_widowed"": false, ""rfr_condition"": false}",
e293930485085dac,CORE_DIRECT,hypothesis,10000,True,0.111575,"{""aah"": 0, ""age_reference"": 0, ""age_spouse"": 0, ""asi"": 0, ""aspa"": 0, ""exemption_age"": 0, ""isf_ifi"": 0, ""reference_is_widowed"": false, ""rfr_condition"": false}",
e293930485085dac,CORE_DIRECT,crosshair,0.5,False,1.359477,,
e293930485085dac,CORE_DIRECT,crosshair,2.0,True,1.481861,,
f3ebe6cce422947e,CORE_DIRECT,hypothesis,100,True,0.572374,"{""num_available"": 1, ""quantity"": 1}",
f3ebe6cce422947e,CORE_DIRECT,hypothesis,1000,True,0.03485,"{""num_available"": 1, ""quantity"": 1}",
f3ebe6cce422947e,CORE_DIRECT,hypothesis,10000,True,0.036648,"{""num_available"": 1, ""quantity"": 1}",
f3ebe6cce422947e,CORE_DIRECT,crosshair,0.5,True,1.232741,,
f3ebe6cce422947e,CORE_DIRECT,crosshair,2.0,True,1.019346,,
f5d217dec0cf902b,CORE_DIRECT,hypothesis,100,True,0.212645,"{""age_declarant"": 0, ""age_invalidity_allowance"": 0, ""age_spouse"": 0, ""declarant_invalid"": false, ""global_income"": 1, ""married_child_allowance"": 0, ""married_children"": 0, ""spouse_invalid"": false}",
f5d217dec0cf902b,CORE_DIRECT,hypothesis,1000,True,0.218859,"{""age_declarant"": 0, ""age_invalidity_allowance"": 0, ""age_spouse"": 0, ""declarant_invalid"": false, ""global_income"": 1, ""married_child_allowance"": 0, ""married_children"": 0, ""spouse_invalid"": false}",
f5d217dec0cf902b,CORE_DIRECT,hypothesis,10000,True,0.215656,"{""age_declarant"": 0, ""age_invalidity_allowance"": 0, ""age_spouse"": 0, ""declarant_invalid"": false, ""global_income"": 1, ""married_child_allowance"": 0, ""married_children"": 0, ""spouse_invalid"": false}",
f5d217dec0cf902b,CORE_DIRECT,crosshair,0.5,True,1.368251,,
f5d217dec0cf902b,CORE_DIRECT,crosshair,2.0,True,1.424608,,
