candidate_id,source,complexity,final_category,classification_basis,reason_codes,reviewed_reasons,evidence_item_count
0f73ae8d15cf3408,pretix,HIGH,NON_SCALAR_OR_REFERENCE_SEMANTICS,explicit non-scalar/reference evidence,REFERENCE_DATE_OR_NONE,"The result is a date/reference value or None, not a scalar business quantity.",39
26a1af8837fe7ae4,pretix,LOW,NON_SCALAR_OR_REFERENCE_SEMANTICS,reviewed scalar-projection reason,TEXT_RETURN,The V1 function is AST-simple but its externally observable return semantics are not directly scalar. No scalar projection is certified without an additional business-semantic scope decision.,26
6d009b7961c5d116,django_oscar,HIGH,NON_SCALAR_OR_REFERENCE_SEMANTICS,reviewed scalar-projection reason,LIST_OF_DOMAIN_OBJECTS_RETURN,The reviewed source does not provide a defensible single scalar business-semantic projection under the frozen V0.11 A2 protocol.,27
6fd8bd69c26e7954,pretix,MEDIUM,NON_SCALAR_OR_REFERENCE_SEMANTICS,explicit non-scalar/reference evidence,DOMAIN_OBJECT_RETURN,The reviewed source does not provide a defensible single scalar business-semantic projection under the frozen V0.11 A2 protocol.,27
75e61ddb4dde4f1a,django_oscar,MEDIUM,NON_SCALAR_OR_REFERENCE_SEMANTICS,reviewed scalar-projection reason,TEXT_RETURN,The V1 function is AST-simple but its externally observable return semantics are not directly scalar. No scalar projection is certified without an additional business-semantic scope decision.,28
87d2f0b3b15f0ea6,django_oscar,MEDIUM,NON_SCALAR_OR_REFERENCE_SEMANTICS,reviewed scalar-projection reason,TEXT_RETURN,The V1 function is AST-simple but its externally observable return semantics are not directly scalar. No scalar projection is certified without an additional business-semantic scope decision.,32
9cc9063a46d23cde,pretix,MEDIUM,NON_SCALAR_OR_REFERENCE_SEMANTICS,reviewed scalar-projection reason,QUERYSET_RETURN,The V1 function is AST-simple but its externally observable return semantics are not directly scalar. No scalar projection is certified without an additional business-semantic scope decision.,32
d285ecd86455b150,pretix,MEDIUM,NON_SCALAR_OR_REFERENCE_SEMANTICS,reviewed scalar-projection reason,TUPLE_RETURN,The reviewed source does not provide a defensible single scalar business-semantic projection under the frozen V0.11 A2 protocol.,23
e1cf29f02fa0dadc,django_oscar,LOW,NON_SCALAR_OR_REFERENCE_SEMANTICS,reviewed scalar-projection reason,LIST_RETURN,The V1 function is AST-simple but its externally observable return semantics are not directly scalar. No scalar projection is certified without an additional business-semantic scope decision.,22
fa377c649a747a7d,django_oscar,MEDIUM,NON_SCALAR_OR_REFERENCE_SEMANTICS,explicit non-scalar/reference evidence,OBJECT_RETURN,The V1 function is AST-simple but its externally observable return semantics are not directly scalar. No scalar projection is certified without an additional business-semantic scope decision.,28
