candidate_id,source,complexity,preliminary_category,matched_keywords,evidence_item_count
03e2adf4e4f323b1,pretix,HIGH,STATEFUL_OR_OBJECT_CONTEXT,"state,attribute,model,orm",34
0f73ae8d15cf3408,pretix,HIGH,STATEFUL_OR_OBJECT_CONTEXT,attribute,39
1311d905af0ebcb5,pretix,MEDIUM,STATEFUL_OR_OBJECT_CONTEXT,"attribute,orm",31
13df73dbd2825f80,pretix,LOW,STATEFUL_OR_OBJECT_CONTEXT,attribute,24
1a2de6edb11465fe,openfisca_france,HIGH,STATEFUL_OR_OBJECT_CONTEXT,attribute,26
2309036b0c69ad48,django_oscar,HIGH,STATEFUL_OR_OBJECT_CONTEXT,"state,attribute,orm",22
26a1af8837fe7ae4,pretix,LOW,STATEFUL_OR_OBJECT_CONTEXT,attribute,26
3fd2d8b8a76b4834,openfisca_france,HIGH,STATEFUL_OR_OBJECT_CONTEXT,attribute,16
4b57e2d73c695a41,django_oscar,MEDIUM,STATEFUL_OR_OBJECT_CONTEXT,"state,object,attribute,orm",18
4d7d61b18dde0ad5,django_oscar,MEDIUM,STATEFUL_OR_OBJECT_CONTEXT,attribute,25
63e7979762bf860b,django_oscar,HIGH,STATEFUL_OR_OBJECT_CONTEXT,"attribute,orm",24
674ea6fd35fa6c39,pretix,HIGH,STATEFUL_OR_OBJECT_CONTEXT,"state,attribute",37
6d009b7961c5d116,django_oscar,HIGH,STATEFUL_OR_OBJECT_CONTEXT,"object,attribute",27
6fd8bd69c26e7954,pretix,MEDIUM,STATEFUL_OR_OBJECT_CONTEXT,"object,attribute",27
7460029971aad8de,pretix,HIGH,STATEFUL_OR_OBJECT_CONTEXT,"object,attribute,orm",26
75e61ddb4dde4f1a,django_oscar,MEDIUM,STATEFUL_OR_OBJECT_CONTEXT,attribute,28
7bc9603bfbda7dc9,openfisca_france,HIGH,STATEFUL_OR_OBJECT_CONTEXT,"attribute,orm",26
7cf281a33e5781df,pretix,MEDIUM,STATEFUL_OR_OBJECT_CONTEXT,"state,object,attribute,orm",20
801278c4d91c2185,pretix,MEDIUM,STATEFUL_OR_OBJECT_CONTEXT,attribute,33
8048a564541f5408,pretix,MEDIUM,STATEFUL_OR_OBJECT_CONTEXT,"state,attribute,orm",16
87d2f0b3b15f0ea6,django_oscar,MEDIUM,STATEFUL_OR_OBJECT_CONTEXT,attribute,32
882c5eae0d8fd4ec,pretix,HIGH,STATEFUL_OR_OBJECT_CONTEXT,"object,attribute,orm",22
8a754dadf1672d0a,pretix,HIGH,STATEFUL_OR_OBJECT_CONTEXT,"attribute,orm",36
8b3e90ca7b531556,django_oscar,HIGH,STATEFUL_OR_OBJECT_CONTEXT,"object,attribute",41
91b2dc32504282fc,django_oscar,MEDIUM,STATEFUL_OR_OBJECT_CONTEXT,"state,attribute,orm",18
9cc9063a46d23cde,pretix,MEDIUM,STATEFUL_OR_OBJECT_CONTEXT,"attribute,queryset",32
a09e038870c9b436,pretix,MEDIUM,STATEFUL_OR_OBJECT_CONTEXT,"state,attribute,orm",19
a74d4580a9effb73,openfisca_france,MEDIUM,STATEFUL_OR_OBJECT_CONTEXT,"attribute,model",121
a79d9687185720aa,django_oscar,HIGH,STATEFUL_OR_OBJECT_CONTEXT,"state,attribute,model,orm",24
b2996c3dd81aca55,pretix,MEDIUM,STATEFUL_OR_OBJECT_CONTEXT,"state,attribute,orm,session",26
bcb091a940a8d0dd,django_oscar,HIGH,STATEFUL_OR_OBJECT_CONTEXT,"attribute,orm",20
d285ecd86455b150,pretix,MEDIUM,UNSUPPORTED_LANGUAGE_SEMANTICS,semantic,23
d7f578c3a5f20b8a,pretix,MEDIUM,STATEFUL_OR_OBJECT_CONTEXT,"state,object,attribute,orm",22
e1cf29f02fa0dadc,django_oscar,LOW,COMPLEX_CONTAINER_OR_STRUCTURE,list,22
e8850260c2763222,django_oscar,HIGH,STATEFUL_OR_OBJECT_CONTEXT,"object,attribute",39
eb12d3a44210a486,pretix,HIGH,STATEFUL_OR_OBJECT_CONTEXT,"state,attribute,orm",24
eb41eb351df073ef,openfisca_france,HIGH,STATEFUL_OR_OBJECT_CONTEXT,"object,attribute,model,orm",974
fa377c649a747a7d,django_oscar,MEDIUM,STATEFUL_OR_OBJECT_CONTEXT,"object,attribute",28
