candidate_id,source,complexity,preliminary_category,review_status,evidence_count,top_evidence
03e2adf4e4f323b1,pretix,HIGH,STATEFUL_OR_OBJECT_CONTEXT,PENDING_MANUAL_VALIDATION,34,reason_code=MODEL_SAVE_TRANSACTION_STATE_OUTSIDE_FORMAL_SUBSET || reason_code=MODEL_SAVE_TRANSACTION_STATE_OUTSIDE_FORMAL_SUBSET || v0.6_classification.classification_reasons.5=local_assignment || candidate.classification_reasons.5=local_assignment || v0.6_classification.classification_reasons.3=bound_method || candidate.classification_reasons.3=bound_method
0f73ae8d15cf3408,pretix,HIGH,STATEFUL_OR_OBJECT_CONTEXT,PENDING_MANUAL_VALIDATION,39,"prior_review.reason=The result is a date/reference value or None, not a scalar business quantity. || reason=The result is a date/reference value or None, not a scalar business quantity. || reason=The result is a date/reference value or None, not a scalar business quantity. || prior_review.reason=The result is a date/reference value or None, not a scalar business quantity. || reason=The result is a date/reference value or None, not a scalar business quantity. || prior_review.reason_code=REFERENCE_DATE_OR_NONE"
1311d905af0ebcb5,pretix,MEDIUM,STATEFUL_OR_OBJECT_CONTEXT,PENDING_MANUAL_VALIDATION,31,prior_review.reason=The function has no semantic return value and performs Redis/cache side effects. || reason=The function has no semantic return value and performs Redis/cache side effects. || reason=The function has no semantic return value and performs Redis/cache side effects. || prior_review.reason=The function has no semantic return value and performs Redis/cache side effects. || reason=The function has no semantic return value and performs Redis/cache side effects. || prior_review.reason_code=SIDE_EFFECT_ONLY_REDIS_CACHE
13df73dbd2825f80,pretix,LOW,STATEFUL_OR_OBJECT_CONTEXT,PENDING_MANUAL_VALIDATION,24,prior_review.reason=The V1 function is AST-simple but its externally observable return semantics are not directly scalar. No scalar projection is certified without an additional business-semantic scope decision. || reason=The V1 function is AST-simple but its externally observable return semantics are not directly scalar. No scalar projection is certified without an additional business-semantic scope decision. || reason=The V1 function is AST-simple but its externally observable return semantics are not directly scalar. No scalar projection is certified without an additional business-semantic scope decision. || prior_review.reason=The V1 function is AST-simple but its externally observable return semantics are not directly scalar. No scalar projection is certified without an additional business-semantic scope decision. || reason=The V1 function is AST-simple but its externally observable return semantics are not directly scalar. No scalar projection is certified without an additional business-semantic scope decision. || v0.6_classification.classification_reasons.1=bound_method
1a2de6edb11465fe,openfisca_france,HIGH,STATEFUL_OR_OBJECT_CONTEXT,PENDING_MANUAL_VALIDATION,26,reason_code=COMPREHENSION_OR_NESTED_HELPER_OUTSIDE_FROZEN_A2_SCOPE || reason_code=COMPREHENSION_OR_NESTED_HELPER_OUTSIDE_FROZEN_A2_SCOPE || reason_code=COMPREHENSION_OR_NESTED_HELPER_OUTSIDE_FROZEN_A2_SCOPE || v0.6_classification.classification_reasons.4=local_assignment || candidate.classification_reasons.4=local_assignment || v0.6_classification.classification_reasons.0=Attribute
2309036b0c69ad48,django_oscar,HIGH,STATEFUL_OR_OBJECT_CONTEXT,PENDING_MANUAL_VALIDATION,22,"reason=Controlled execution of the locked source slice is established, but its observable semantics require state transition, collection mutation or non-scalar output semantics outside the frozen V0.11 formal certification subset. || reason=Controlled execution of the locked source slice is established, but its observable semantics require state transition, collection mutation or non-scalar output semantics outside the frozen V0.11 formal certification subset. || reason_code=FORM_STATE_MUTATION_OUTSIDE_FORMAL_SUBSET || reason_code=FORM_STATE_MUTATION_OUTSIDE_FORMAL_SUBSET || v0.6_classification.classification_reasons.4=local_assignment || candidate.classification_reasons.4=local_assignment"
26a1af8837fe7ae4,pretix,LOW,STATEFUL_OR_OBJECT_CONTEXT,PENDING_MANUAL_VALIDATION,26,prior_review.reason=The V1 function is AST-simple but its externally observable return semantics are not directly scalar. No scalar projection is certified without an additional business-semantic scope decision. || reason=The V1 function is AST-simple but its externally observable return semantics are not directly scalar. No scalar projection is certified without an additional business-semantic scope decision. || reason=The V1 function is AST-simple but its externally observable return semantics are not directly scalar. No scalar projection is certified without an additional business-semantic scope decision. || prior_review.reason=The V1 function is AST-simple but its externally observable return semantics are not directly scalar. No scalar projection is certified without an additional business-semantic scope decision. || reason=The V1 function is AST-simple but its externally observable return semantics are not directly scalar. No scalar projection is certified without an additional business-semantic scope decision. || v0.6_classification.classification_reasons.1=bound_method
3fd2d8b8a76b4834,openfisca_france,HIGH,STATEFUL_OR_OBJECT_CONTEXT,PENDING_MANUAL_VALIDATION,16,reason_code=NESTED_HELPER_CLOSURE_OUTSIDE_FROZEN_A2_SCOPE || reason_code=NESTED_HELPER_CLOSURE_OUTSIDE_FROZEN_A2_SCOPE || reason_code=NESTED_HELPER_CLOSURE_OUTSIDE_FROZEN_A2_SCOPE || v0.6_classification.classification_reasons.2=local_assignment || candidate.classification_reasons.2=local_assignment || v0.6_classification.classification_reasons.0=Attribute
4b57e2d73c695a41,django_oscar,MEDIUM,STATEFUL_OR_OBJECT_CONTEXT,PENDING_MANUAL_VALIDATION,18,"reason=Controlled execution of the locked source slice is established, but its observable semantics require state transition, collection mutation or non-scalar output semantics outside the frozen V0.11 formal certification subset. || reason=Controlled execution of the locked source slice is established, but its observable semantics require state transition, collection mutation or non-scalar output semantics outside the frozen V0.11 formal certification subset. || reason_code=OBJECT_STATE_TRANSITION_OUTSIDE_FORMAL_SUBSET || reason_code=OBJECT_STATE_TRANSITION_OUTSIDE_FORMAL_SUBSET || v0.6_classification.classification_reasons.3=local_assignment || candidate.classification_reasons.3=local_assignment"
4d7d61b18dde0ad5,django_oscar,MEDIUM,STATEFUL_OR_OBJECT_CONTEXT,PENDING_MANUAL_VALIDATION,25,reason=The reviewed source does not provide a defensible single scalar business-semantic projection under the frozen V0.11 A2 protocol. || reason=The reviewed source does not provide a defensible single scalar business-semantic projection under the frozen V0.11 A2 protocol. || prior_review.reason_code=HTTP_RESPONSE_RETURN || reason_code=HTTP_RESPONSE_RETURN || reason_code=HTTP_RESPONSE_RETURN || prior_review.reason_code=HTTP_RESPONSE_RETURN
63e7979762bf860b,django_oscar,HIGH,STATEFUL_OR_OBJECT_CONTEXT,PENDING_MANUAL_VALIDATION,24,reason_code=FRAMEWORK_SIGNAL_BASKET_SIDE_EFFECTS_OUTSIDE_FORMAL_SUBSET || reason_code=FRAMEWORK_SIGNAL_BASKET_SIDE_EFFECTS_OUTSIDE_FORMAL_SUBSET || v0.6_classification.classification_reasons.4=local_assignment || candidate.classification_reasons.4=local_assignment || v0.6_classification.classification_reasons.3=bound_method || candidate.classification_reasons.3=bound_method
674ea6fd35fa6c39,pretix,HIGH,STATEFUL_OR_OBJECT_CONTEXT,PENDING_MANUAL_VALIDATION,37,prior_review.reason=The function is an initializer with state mutation and no scalar return contract. || reason=The function is an initializer with state mutation and no scalar return contract. || reason=The function is an initializer with state mutation and no scalar return contract. || prior_review.reason=The function is an initializer with state mutation and no scalar return contract. || reason=The function is an initializer with state mutation and no scalar return contract. || prior_review.reason_code=INITIALIZER_SIDE_EFFECT
6d009b7961c5d116,django_oscar,HIGH,STATEFUL_OR_OBJECT_CONTEXT,PENDING_MANUAL_VALIDATION,27,reason=The reviewed source does not provide a defensible single scalar business-semantic projection under the frozen V0.11 A2 protocol. || reason=The reviewed source does not provide a defensible single scalar business-semantic projection under the frozen V0.11 A2 protocol. || prior_review.reason_code=LIST_OF_DOMAIN_OBJECTS_RETURN || reason_code=LIST_OF_DOMAIN_OBJECTS_RETURN || reason_code=LIST_OF_DOMAIN_OBJECTS_RETURN || prior_review.reason_code=LIST_OF_DOMAIN_OBJECTS_RETURN
6fd8bd69c26e7954,pretix,MEDIUM,STATEFUL_OR_OBJECT_CONTEXT,PENDING_MANUAL_VALIDATION,27,reason=The reviewed source does not provide a defensible single scalar business-semantic projection under the frozen V0.11 A2 protocol. || reason=The reviewed source does not provide a defensible single scalar business-semantic projection under the frozen V0.11 A2 protocol. || prior_review.reason_code=DOMAIN_OBJECT_RETURN || reason_code=DOMAIN_OBJECT_RETURN || reason_code=DOMAIN_OBJECT_RETURN || prior_review.reason_code=DOMAIN_OBJECT_RETURN
7460029971aad8de,pretix,HIGH,STATEFUL_OR_OBJECT_CONTEXT,PENDING_MANUAL_VALIDATION,26,reason_code=SERVICE_CACHE_OBJECT_SEMANTICS_OUTSIDE_FORMAL_SUBSET || reason_code=SERVICE_CACHE_OBJECT_SEMANTICS_OUTSIDE_FORMAL_SUBSET || v0.6_classification.classification_reasons.4=local_assignment || candidate.classification_reasons.4=local_assignment || v0.6_classification.classification_reasons.3=bound_method || candidate.classification_reasons.3=bound_method
75e61ddb4dde4f1a,django_oscar,MEDIUM,STATEFUL_OR_OBJECT_CONTEXT,PENDING_MANUAL_VALIDATION,28,prior_review.reason=The V1 function is AST-simple but its externally observable return semantics are not directly scalar. No scalar projection is certified without an additional business-semantic scope decision. || reason=The V1 function is AST-simple but its externally observable return semantics are not directly scalar. No scalar projection is certified without an additional business-semantic scope decision. || reason=The V1 function is AST-simple but its externally observable return semantics are not directly scalar. No scalar projection is certified without an additional business-semantic scope decision. || prior_review.reason=The V1 function is AST-simple but its externally observable return semantics are not directly scalar. No scalar projection is certified without an additional business-semantic scope decision. || reason=The V1 function is AST-simple but its externally observable return semantics are not directly scalar. No scalar projection is certified without an additional business-semantic scope decision. || v0.6_classification.classification_reasons.2=bound_method
7bc9603bfbda7dc9,openfisca_france,HIGH,STATEFUL_OR_OBJECT_CONTEXT,PENDING_MANUAL_VALIDATION,26,"reason=The source returns a scalar, but its semantic dependency surface is too large to collapse into a reviewed explicit adapter without a separate mapping step. || reason=The source returns a scalar, but its semantic dependency surface is too large to collapse into a reviewed explicit adapter without a separate mapping step. || reason_code=AGGREGATE_HELPER_SEMANTICS_OUTSIDE_FROZEN_SCALAR_A2_SCOPE || reason_code=AGGREGATE_HELPER_SEMANTICS_OUTSIDE_FROZEN_SCALAR_A2_SCOPE || reason_code=SCALAR_RETURN_LARGE_PARAMETERIZED_FORMULA || reason_code=SCALAR_RETURN_LARGE_PARAMETERIZED_FORMULA"
7cf281a33e5781df,pretix,MEDIUM,STATEFUL_OR_OBJECT_CONTEXT,PENDING_MANUAL_VALIDATION,20,"reason=Controlled execution of the locked source slice is established, but its observable semantics require state transition, collection mutation or non-scalar output semantics outside the frozen V0.11 formal certification subset. || reason=Controlled execution of the locked source slice is established, but its observable semantics require state transition, collection mutation or non-scalar output semantics outside the frozen V0.11 formal certification subset. || reason_code=OBJECT_STATE_TRANSITION_OUTSIDE_FORMAL_SUBSET || reason_code=OBJECT_STATE_TRANSITION_OUTSIDE_FORMAL_SUBSET || v0.6_classification.classification_reasons.2=decorated_function || candidate.classification_reasons.2=decorated_function"
801278c4d91c2185,pretix,MEDIUM,STATEFUL_OR_OBJECT_CONTEXT,PENDING_MANUAL_VALIDATION,33,prior_review.reason=The function constructs a localized textual representation rather than a scalar business value. || reason=The function constructs a localized textual representation rather than a scalar business value. || reason=The function constructs a localized textual representation rather than a scalar business value. || prior_review.reason=The function constructs a localized textual representation rather than a scalar business value. || reason=The function constructs a localized textual representation rather than a scalar business value. || prior_review.reason_code=TEXTUAL_REPRESENTATION
8048a564541f5408,pretix,MEDIUM,STATEFUL_OR_OBJECT_CONTEXT,PENDING_MANUAL_VALIDATION,16,"reason=Controlled execution of the locked source slice is established, but its observable semantics require state transition, collection mutation or non-scalar output semantics outside the frozen V0.11 formal certification subset. || reason=Controlled execution of the locked source slice is established, but its observable semantics require state transition, collection mutation or non-scalar output semantics outside the frozen V0.11 formal certification subset. || reason_code=OPERATION_LIST_MUTATION_OUTSIDE_FORMAL_SUBSET || reason_code=OPERATION_LIST_MUTATION_OUTSIDE_FORMAL_SUBSET || v0.6_classification.classification_reasons.2=bound_method || candidate.classification_reasons.2=bound_method"
87d2f0b3b15f0ea6,django_oscar,MEDIUM,STATEFUL_OR_OBJECT_CONTEXT,PENDING_MANUAL_VALIDATION,32,prior_review.reason=The V1 function is AST-simple but its externally observable return semantics are not directly scalar. No scalar projection is certified without an additional business-semantic scope decision. || reason=The V1 function is AST-simple but its externally observable return semantics are not directly scalar. No scalar projection is certified without an additional business-semantic scope decision. || reason=The V1 function is AST-simple but its externally observable return semantics are not directly scalar. No scalar projection is certified without an additional business-semantic scope decision. || prior_review.reason=The V1 function is AST-simple but its externally observable return semantics are not directly scalar. No scalar projection is certified without an additional business-semantic scope decision. || reason=The V1 function is AST-simple but its externally observable return semantics are not directly scalar. No scalar projection is certified without an additional business-semantic scope decision. || v0.6_classification.classification_reasons.3=decorated_function
882c5eae0d8fd4ec,pretix,HIGH,STATEFUL_OR_OBJECT_CONTEXT,PENDING_MANUAL_VALIDATION,22,reason_code=REFUND_OBJECT_SIDE_EFFECTS_OUTSIDE_FORMAL_SUBSET || reason_code=REFUND_OBJECT_SIDE_EFFECTS_OUTSIDE_FORMAL_SUBSET || v0.6_classification.classification_reasons.3=local_assignment || candidate.classification_reasons.3=local_assignment || v0.6_classification.classification_reasons.2=bound_method || candidate.classification_reasons.2=bound_method
8a754dadf1672d0a,pretix,HIGH,STATEFUL_OR_OBJECT_CONTEXT,PENDING_MANUAL_VALIDATION,36,reason_code=PLUGIN_SIGNAL_SET_SEMANTICS_OUTSIDE_FORMAL_SUBSET || reason_code=PLUGIN_SIGNAL_SET_SEMANTICS_OUTSIDE_FORMAL_SUBSET || v0.6_classification.classification_reasons.4=decorated_function || candidate.classification_reasons.4=decorated_function || v0.6_classification.classification_reasons.5=local_assignment || candidate.classification_reasons.5=local_assignment
8b3e90ca7b531556,django_oscar,HIGH,STATEFUL_OR_OBJECT_CONTEXT,PENDING_MANUAL_VALIDATION,41,prior_review.reason=The function returns pricing-domain objects whose complete observable semantics are not scalar. || reason=The function returns pricing-domain objects whose complete observable semantics are not scalar. || reason=The function returns pricing-domain objects whose complete observable semantics are not scalar. || prior_review.reason=The function returns pricing-domain objects whose complete observable semantics are not scalar. || reason=The function returns pricing-domain objects whose complete observable semantics are not scalar. || prior_review.reason_code=DOMAIN_PRICING_OBJECT
91b2dc32504282fc,django_oscar,MEDIUM,STATEFUL_OR_OBJECT_CONTEXT,PENDING_MANUAL_VALIDATION,18,"reason=Controlled execution of the locked source slice is established, but its observable semantics require state transition, collection mutation or non-scalar output semantics outside the frozen V0.11 formal certification subset. || reason=Controlled execution of the locked source slice is established, but its observable semantics require state transition, collection mutation or non-scalar output semantics outside the frozen V0.11 formal certification subset. || reason_code=MULTI_STATE_MUTATION_OUTSIDE_FORMAL_SUBSET || reason_code=MULTI_STATE_MUTATION_OUTSIDE_FORMAL_SUBSET || v0.6_classification.classification_reasons.2=bound_method || candidate.classification_reasons.2=bound_method"
9cc9063a46d23cde,pretix,MEDIUM,STATEFUL_OR_OBJECT_CONTEXT,PENDING_MANUAL_VALIDATION,32,prior_review.reason=The V1 function is AST-simple but its externally observable return semantics are not directly scalar. No scalar projection is certified without an additional business-semantic scope decision. || reason=The V1 function is AST-simple but its externally observable return semantics are not directly scalar. No scalar projection is certified without an additional business-semantic scope decision. || reason=The V1 function is AST-simple but its externally observable return semantics are not directly scalar. No scalar projection is certified without an additional business-semantic scope decision. || prior_review.reason=The V1 function is AST-simple but its externally observable return semantics are not directly scalar. No scalar projection is certified without an additional business-semantic scope decision. || reason=The V1 function is AST-simple but its externally observable return semantics are not directly scalar. No scalar projection is certified without an additional business-semantic scope decision. || v0.6_classification.classification_reasons.3=decorated_function
a09e038870c9b436,pretix,MEDIUM,STATEFUL_OR_OBJECT_CONTEXT,PENDING_MANUAL_VALIDATION,19,"reason=The locked source returns a conditionally constructed human-readable string using a statement-level branch and format operation. Existing V0.11 A1 string-related certificates cover direct bound-value returns under an uninterpreted value domain, not conditional string construction or concatenation semantics. || reason_code=CONDITIONAL_STRING_CONSTRUCTION_OUTSIDE_FROZEN_FORMAL_SCOPE || review_reason=statement-level If requires branch-state normalization || v0.6_classification.classification_reasons.2=bound_method || candidate.classification_reasons.2=bound_method || v0.6_classification.classification_reasons.0=Attribute"
a74d4580a9effb73,openfisca_france,MEDIUM,STATEFUL_OR_OBJECT_CONTEXT,PENDING_MANUAL_VALIDATION,50,binding_obligations.0.resolution_status=UNRESOLVED || binding_obligations.1.resolution_status=UNRESOLVED || reason_code=NESTED_AND_OR_HELPERS_OUTSIDE_FROZEN_A1_CONTRACT_CLOSURE || domain_status=UNRESOLVED || v0.6_classification.classification_reasons.0=Attribute || v0.6_classification.classification_reasons.1=Call
a79d9687185720aa,django_oscar,HIGH,STATEFUL_OR_OBJECT_CONTEXT,PENDING_MANUAL_VALIDATION,24,reason_code=MODEL_SAVE_STATE_TRANSITION_OUTSIDE_FORMAL_SUBSET || reason_code=MODEL_SAVE_STATE_TRANSITION_OUTSIDE_FORMAL_SUBSET || v0.6_classification.classification_reasons.2=bound_method || candidate.classification_reasons.2=bound_method || v0.6_classification.classification_reasons.0=Attribute || candidate.classification_reasons.0=Attribute
b2996c3dd81aca55,pretix,MEDIUM,STATEFUL_OR_OBJECT_CONTEXT,PENDING_MANUAL_VALIDATION,26,"reason=Controlled execution of the locked source slice is established, but its observable semantics require state transition, collection mutation or non-scalar output semantics outside the frozen V0.11 formal certification subset. || reason=Controlled execution of the locked source slice is established, but its observable semantics require state transition, collection mutation or non-scalar output semantics outside the frozen V0.11 formal certification subset. || reason_code=SESSION_STATE_MUTATION_OUTSIDE_FORMAL_SUBSET || reason_code=SESSION_STATE_MUTATION_OUTSIDE_FORMAL_SUBSET || v0.6_classification.classification_reasons.3=local_assignment || candidate.classification_reasons.3=local_assignment"
bcb091a940a8d0dd,django_oscar,HIGH,STATEFUL_OR_OBJECT_CONTEXT,PENDING_MANUAL_VALIDATION,20,reason_code=FRAMEWORK_DICT_MUTATION_OUTSIDE_FORMAL_SUBSET || reason_code=FRAMEWORK_DICT_MUTATION_OUTSIDE_FORMAL_SUBSET || v0.6_classification.classification_reasons.4=local_assignment || candidate.classification_reasons.4=local_assignment || v0.6_classification.classification_reasons.3=bound_method || candidate.classification_reasons.3=bound_method
d285ecd86455b150,pretix,MEDIUM,UNSUPPORTED_LANGUAGE_SEMANTICS,PENDING_MANUAL_VALIDATION,23,reason=The reviewed source does not provide a defensible single scalar business-semantic projection under the frozen V0.11 A2 protocol. || reason=The reviewed source does not provide a defensible single scalar business-semantic projection under the frozen V0.11 A2 protocol. || v0.6_classification.classification_reasons.2=local_assignment || candidate.classification_reasons.2=local_assignment || prior_review.reason_code=TUPLE_RETURN || reason_code=TUPLE_RETURN
d7f578c3a5f20b8a,pretix,MEDIUM,STATEFUL_OR_OBJECT_CONTEXT,PENDING_MANUAL_VALIDATION,22,"reason=Controlled execution of the locked source slice is established, but its observable semantics require state transition, collection mutation or non-scalar output semantics outside the frozen V0.11 formal certification subset. || reason=Controlled execution of the locked source slice is established, but its observable semantics require state transition, collection mutation or non-scalar output semantics outside the frozen V0.11 formal certification subset. || reason_code=MULTI_OBJECT_STATE_TRANSITION_OUTSIDE_FORMAL_SUBSET || reason_code=MULTI_OBJECT_STATE_TRANSITION_OUTSIDE_FORMAL_SUBSET || v0.6_classification.classification_reasons.3=local_assignment || candidate.classification_reasons.3=local_assignment"
e1cf29f02fa0dadc,django_oscar,LOW,COMPLEX_CONTAINER_OR_STRUCTURE,PENDING_MANUAL_VALIDATION,22,prior_review.reason=The V1 function is AST-simple but its externally observable return semantics are not directly scalar. No scalar projection is certified without an additional business-semantic scope decision. || reason=The V1 function is AST-simple but its externally observable return semantics are not directly scalar. No scalar projection is certified without an additional business-semantic scope decision. || reason=The V1 function is AST-simple but its externally observable return semantics are not directly scalar. No scalar projection is certified without an additional business-semantic scope decision. || prior_review.reason=The V1 function is AST-simple but its externally observable return semantics are not directly scalar. No scalar projection is certified without an additional business-semantic scope decision. || reason=The V1 function is AST-simple but its externally observable return semantics are not directly scalar. No scalar projection is certified without an additional business-semantic scope decision. || v0.6_classification.classification_reasons.0=bound_method
e8850260c2763222,django_oscar,HIGH,STATEFUL_OR_OBJECT_CONTEXT,PENDING_MANUAL_VALIDATION,39,prior_review.reason=The function combines domain-object returns with discount and consumption side effects. || reason=The function combines domain-object returns with discount and consumption side effects. || reason=The function combines domain-object returns with discount and consumption side effects. || prior_review.reason=The function combines domain-object returns with discount and consumption side effects. || reason=The function combines domain-object returns with discount and consumption side effects. || prior_review.reason_code=DOMAIN_DISCOUNT_OBJECT_AND_SIDE_EFFECTS
eb12d3a44210a486,pretix,HIGH,STATEFUL_OR_OBJECT_CONTEXT,PENDING_MANUAL_VALIDATION,24,"reason=Controlled execution of the locked source slice is established, but its observable semantics require state transition, collection mutation or non-scalar output semantics outside the frozen V0.11 formal certification subset. || reason=Controlled execution of the locked source slice is established, but its observable semantics require state transition, collection mutation or non-scalar output semantics outside the frozen V0.11 formal certification subset. || reason_code=NONSCALAR_LIST_SEMANTICS_OUTSIDE_FORMAL_SUBSET || reason_code=NONSCALAR_LIST_SEMANTICS_OUTSIDE_FORMAL_SUBSET || v0.6_classification.classification_reasons.3=decorated_function || candidate.classification_reasons.3=decorated_function"
eb41eb351df073ef,openfisca_france,HIGH,STATEFUL_OR_OBJECT_CONTEXT,PENDING_MANUAL_VALIDATION,50,binding_obligations.0.resolution_status=UNRESOLVED || binding_obligations.1.resolution_status=UNRESOLVED || binding_obligations.2.resolution_status=UNRESOLVED || binding_obligations.3.resolution_status=UNRESOLVED || binding_obligations.4.resolution_status=UNRESOLVED || review_reason=unvalidated helper/domain call cannot be abstracted as A1 binding: astype
fa377c649a747a7d,django_oscar,MEDIUM,STATEFUL_OR_OBJECT_CONTEXT,PENDING_MANUAL_VALIDATION,28,prior_review.reason=The V1 function is AST-simple but its externally observable return semantics are not directly scalar. No scalar projection is certified without an additional business-semantic scope decision. || reason=The V1 function is AST-simple but its externally observable return semantics are not directly scalar. No scalar projection is certified without an additional business-semantic scope decision. || reason=The V1 function is AST-simple but its externally observable return semantics are not directly scalar. No scalar projection is certified without an additional business-semantic scope decision. || prior_review.reason=The V1 function is AST-simple but its externally observable return semantics are not directly scalar. No scalar projection is certified without an additional business-semantic scope decision. || reason=The V1 function is AST-simple but its externally observable return semantics are not directly scalar. No scalar projection is certified without an additional business-semantic scope decision. || v0.6_classification.classification_reasons.3=decorated_function
